art,4196
aesthetic,2327
one,1242
new,1207
study,1201
music,1176
philosophy,1017
first,928
culture,853
essays,849
politics,847
work,844
beauty,820
time,772
social,750
research,721
two,714
history,704
century,677
quality,673
nature,668
modern,665
theory,650
arts,646
performance,636
experience,612
body,592
literature,578
understanding,578
critical,566
cultural,564
present,561
literary,522
design,517
landscape,513
philosophical,510
environmental,495
studies,487
years,487
media,484
visual,482
well,478
human,475
field,474
based,474
contemporary,468
important,462
among,459
many,451
relationship,447
major,441
approach,417
eighteenth,413
digital,407
form,401
political,392
life,388
treatment,384
perspective,381
recent,381
also,376
become,374
series,373
early,369
society,365
theories,359
power,357
forms,355
often,352
examines,345
rise,343
works,337
women,335
different,332
implant,329
analysis,321
offers,316
subject,314
popular,313
physical,311
images,311
page,306
environment,303
appearance,303
within,297
psychology,296
question,294
influence,294
edition,292
law,290
assessment,288
problems,287
perception,285
artistic,285
central,282
facial,282
tradition,281
used,281
explores,280
rock,280
value,277
thought,277
product,276
world,275
post,274
computational,271
use,271
late,270
principles,269
three,264
image,262
science,262
last,261
historical,259
original,258
people,257
western,256
scientific,256
american,255
vol,255
painting,255
yet,253
interaction,253
writings,248
twentieth,248
survey,248
argues,248
dental,247
patients,247
sense,246
would,241
traditional,240
theology,240
since,239
beyond,239
impact,236
approaches,236
ideas,235
specific,234
theoretical,233
bodies,232
education,232
nineteenth,229
evaluation,229
film,228
way,227
interactive,227
account,227
drawing,227
kant,226
ethics,226
self,226
ancient,226
anthropology,225
movement,225
colour,225
using,224
heidegger,223
soft,221
changes,220
books,220
writing,219
knowledge,219
made,218
lectures,217
collection,216
perceptions,215
particular,214
anterior,214
including,214
aesthetically,214
products,213
criticism,212
academic,212
meaning,212
information,212
environments,212
writers,211
variety,211
architecture,209
context,206
criteria,206
theological,204
dance,204
focus,204
framework,203
management,202
interest,202
fascist,202
development,202
change,201
practice,201
part,200
users,199
user,197
long,197
scholars,197
graph,196
tooth,196
much,195
make,195
comprehensive,195
provides,194
without,193
high,193
play,192
discourse,191
diverse,191
four,190
public,190
taste,190
landscapes,189
tissue,189
modernism,188
religious,188
experiences,188
planning,188
non,187
romantic,187
ecology,184
pain,183
personal,182
rich,182
place,182
process,182
emotions,181
articles,181
even,180
centuries,180
general,180
order,179
james,179
organizational,179
dimensions,179
single,178
practices,177
concept,177
term,177
ways,177
evolutionary,176
theme,175
black,175
deleuze,175
radical,175
area,175
ecological,175
terms,174
decades,173
index,173
narrative,173
items,172
highly,172
current,172
qualities,171
proposes,171
mood,170
language,170
far,170
organization,170
presents,169
role,169
application,169
renaissance,168
performing,168
emotion,168
concerned,168
affect,167
provide,167
reader,167
today,167
good,167
must,166
response,166
students,166
relation,166
analytic,165
english,165
native,165
key,165
aim,163
considerations,163
level,163
following,163
beautiful,163
implications,162
version,162
material,162
effect,162
affective,161
burke,160
regarded,160
wide,160
means,160
characteristics,159
justice,159
system,159
broad,159
cannot,158
classical,158
set,157
results,157
class,157
india,156
basis,156
photo,156
yolngu,156
may,156
case,155
treated,155
traces,155
fascism,155
community,155
prominent,155
expression,154
philosophers,154
modernist,153
still,153
conventional,153
appreciation,153
marketing,152
widely,152
truth,152
gap,151
view,151
figures,151
classes,150
postmodern,150
known,150
developed,150
judgment,150
appeal,149
vision,148
called,148
common,148
influential,148
natural,147
concepts,146
consumer,146
water,146
rather,146
senses,146
result,145
full,145
published,144
themes,144
green,144
past,144
texts,144
affects,144
explore,144
parameters,144
measure,144
collecting,144
significance,143
little,143
especially,143
importance,143
christian,142
photographs,142
travel,141
describes,141
selected,140
already,140
gingival,140
postmodernism,140
together,140
less,140
german,139
feminist,139
however,139
half,138
young,138
distinguished,138
remarkable,137
gender,137
effects,136
usability,136
living,136
investigated,136
richard,136
others,136
forest,136
de,136
thinking,135
ontology,134
call,134
inquiry,134
sustainability,133
like,133
subjects,132
studied,132
subjectivity,132
discussion,132
issues,132
attributes,132
myth,132
children,131
risk,130
aspects,130
discussed,130
le,130
regime,129
model,129
aristotle,129
brings,128
orthodontic,128
embodiment,128
consciousness,127
psychological,127
idea,127
every,126
col,126
medium,126
data,126
anatomic,126
robert,126
pp,126
translated,126
us,126
need,126
debate,126
disciplines,125
ever,125
concerns,125
japanese,124
emotional,124
turn,124
takes,124
presented,124
range,124
pleasing,124
content,123
malay,123
investigation,123
side,123
kind,123
towards,123
age,123
re,122
nietzsche,122
core,122
name,122
status,122
words,122
camera,121
essay,121
fashion,120
great,120
scholarship,119
peri,119
group,119
anthology,119
defined,119
preferences,118
automatic,118
reveals,118
come,118
maxilla,118
point,118
questions,118
relatively,117
reference,117
aspect,117
metaphysics,117
although,117
artists,117
shows,116
city,116
preference,116
object,115
extent,115
deal,115
brilliant,115
review,115
style,115
selection,115
continental,115
attempts,114
critique,114
steven,114
eye,114
experimental,114
modernity,114
man,114
hegel,113
produced,113
seen,112
indigenous,112
british,112
imagination,112
surveys,112
growing,112
background,111
modes,111
examine,111
number,111
whitehead,111
surface,111
frequently,111
function,111
darwinian,110
argued,110
guattari,110
food,110
diagrams,110
canon,109
short,109
fundamental,109
department,109
previous,108
inside,108
et,108
appreciating,108
revenge,108
roofs,108
store,108
see,108
create,108
paintings,108
fiction,107
begins,107
considered,107
systems,107
chemistry,107
contributions,107
becomes,107
increasingly,107
paul,107
might,106
purpose,106
anthropological,106
stands,105
everyday,105
formative,105
behaviour,105
aestheticians,105
creation,105
requires,105
notion,104
sublime,104
clearly,104
perceptual,104
according,104
metaphors,104
adults,104
land,104
face,104
thus,104
dewey,104
complex,103
methods,103
c,103
healing,103
rural,103
developing,102
retrieval,102
better,101
european,101
accounts,101
areas,101
example,100
relational,100
illness,100
found,100
synthesis,99
patient,99
scenic,99
relations,99
received,98
encompass,98
health,98
uses,98
thinkers,97
period,97
satisfaction,97
largely,97
sublimity,97
feel,97
accessible,97
aware,96
originally,96
differences,96
azide,96
violence,96
modernization,96
professor,96
something,96
reflexive,96
word,95
traditionally,95
identify,95
practical,95
open,95
egypt,95
emerging,95
machine,94
interpretive,94
autoethnography,94
1770,94
professional,94
1840,94
hard,94
partly,94
ethnographic,94
greece,94
endodontically,93
rethinking,93
emphasis,93
materials,93
components,93
either,93
debates,93
extremely,93
back,93
sections,93
brain,93
era,92
values,92
date,92
avant,92
sciences,92
outside,92
across,92
mimesis,92
producers,92
pound,92
evaluate,92
emergence,92
publication,92
desirable,91
another,91
sound,91
available,91
symmetry,91
movements,91
presentation,91
taken,91
transformation,91
university,91
enhanced,91
behavior,90
thanks,90
protestant,90
archaeology,90
array,90
styles,90
pleasure,90
attention,90
primarily,90
mussolini,90
studying,90
hope,90
equal,90
bridging,90
space,89
crowther,89
europe,89
associated,89
joyce,89
special,89
pursuit,88
beholder,88
inherent,88
leading,88
lived,88
australia,88
computer,88
mode,88
regards,88
fluorosis,87
greatest,87
potential,87
technology,87
christianity,87
determined,87
identified,87
north,87
rights,86
curiosity,86
website,86
applied,86
possible,86
alone,86
figure,86
ponty,86
develop,86
lateral,86
inference,86
merleau,86
happens,86
renowned,86
pioneering,85
mean,85
fields,85
harmony,85
valuable,85
states,85
extreme,85
naturalism,84
sexuality,84
david,84
third,84
1600,84
1968,84
ethical,84
desecuritisation,84
communities,84
least,84
appear,84
migration,84
due,84
di,84
tracing,84
limits,84
greater,84
infinite,84
reflection,84
qualitative,84
plato,83
understood,83
making,83
interface,83
silence,83
knowing,83
national,83
relationships,82
tell,82
therapy,82
crown,82
ecosystemic,82
ambitious,82
spiritual,82
romanticism,82
views,82
discuss,82
epistemology,82
family,82
oxford,82
lake,82
draws,82
diversity,82
web,82
increased,82
1990,81
give,81
strength,81
1960s,81
improve,81
surfaces,81
low,81
findings,81
develops,81
encyclopedia,81
exclusive,81
maxillary,81
underlying,81
golden,80
fonte,80
mind,80
sometimes,80
esthetics,80
ttulo,80
main,80
given,80
types,80
compare,80
unconscious,80
shape,80
essential,80
existing,80
viewed,80
autor,80
focuses,80
ability,80
helped,80
materializing,80
munster,80
increasing,79
project,79
morality,79
objective,79
link,79
changing,79
parody,79
easily,79
immediate,79
delivered,79
regions,79
ad,79
predictable,78
several,78
fort,78
revolution,78
war,78
osteotomy,78
theatre,78
belief,78
nasal,78
acted,78
rasmus,78
suggests,78
addresses,78
experiential,78
bed,78
taylor,78
al,78
mexico,77
organizations,77
richly,77
sociology,77
effective,77
marxism,77
semantic,77
analyzing,77
developments,77
museum,77
cyberspace,76
algorithms,76
l,76
tea,76
refers,76
proposed,76
topics,76
describe,76
section,76
method,76
bias,76
hundred,76
united,76
related,76
mosaics,76
saliency,75
generally,75
baumgarten,75
r,75
entrepreneurship,75
extended,75
event,75
ireland,75
harvests,75
day,75
times,75
intention,75
places,75
hermeneutics,74
applications,74
photographic,74
external,74
activities,74
neglected,74
northern,74
processing,74
seeing,74
restoration,74
tools,74
occurred,74
constitute,74
define,74
established,73
combination,73
focal,73
extraction,73
procedure,73
things,73
perceived,73
sign,73
experiments,73
modalities,73
described,73
written,73
curriculum,73
articulate,73
merchandising,72
peculiar,72
dealing,72
farmers,72
arguments,72
existential,72
lives,72
real,72
serial,72
sculpture,72
poet,72
proper,72
journal,72
1984,72
path,71
said,71
1970,71
achieve,71
speaks,71
poetic,71
perhaps,71
transcendent,71
conflict,71
identity,71
equally,71
imperial,71
clinicians,70
sensory,70
support,70
psychosocial,70
emerged,70
addressing,70
disciplinary,70
colonial,70
rapidly,70
currently,70
levels,70
person,70
classic,70
bilingual,70
intellectuals,70
cognition,70
democratic,69
medicine,69
decade,69
attractiveness,69
smile,69
horror,69
imagine,69
pleasures,69
medical,69
deals,69
rituals,69
convey,69
recognized,69
foundation,68
detecting,68
quaint,68
enlightenment,68
width,68
everything,68
australian,68
cute,68
victorian,68
hungry,68
spirit,68
ethico,68
significant,68
empirical,68
video,68
editors,67
course,67
rating,67
feminism,67
around,67
discusses,67
small,67
reasons,67
conception,67
delineating,67
light,67
analyses,67
designing,66
palestinian,66
clarity,66
musical,66
jacques,66
ezra,66
edmund,66
rancire,66
duty,66
prevalence,66
racial,66
brief,66
measurement,66
strategy,66
resulting,66
impressionism,66
covering,66
matz,66
conceptual,66
feature,65
layout,65
articulated,65
seemingly,65
african,65
applying,65
aims,65
fine,65
various,65
simply,65
factors,65
readers,65
analyze,65
include,65
transformative,65
lord,64
production,64
formation,64
involving,64
oxidation,64
pictorial,64
usually,64
working,64
variables,64
legal,64
cluster,64
der,64
industrial,64
aged,64
girls,64
higher,64
boys,64
dramatically,64
globalization,63
depends,63
desire,63
stimulating,63
care,63
lack,63
justify,63
expressed,63
frank,63
final,63
impression,63
biology,63
neuroaesthetic,63
earlier,62
indexes,62
instrumentality,62
presence,62
joseph,62
sensuous,62
hedonic,62
begin,62
analyzes,62
symbolism,62
marginal,62
mexican,62
similar,62
illustrated,62
parts,62
documentary,62
engagement,61
visualization,61
d,61
revised,61
judgements,61
probes,61
middle,61
members,61
interviews,61
alternative,61
scale,61
gottfried,61
poets,61
agenda,61
approached,61
enables,60
ugly,60
dreams,60
plugging,60
groups,60
distortion,60
analyzed,60
writer,60
realm,60
enduring,60
syn,60
could,60
issn,60
overtones,60
conceived,60
multiple,60
judged,59
speaking,59
readings,59
communication,59
complete,59
conducted,59
return,59
networks,59
ideologies,59
intrinsic,59
simple,59
meltzer,58
brought,58
network,58
men,58
phenomenology,58
uml,58
intellectual,58
positive,58
actually,58
focusing,58
fluoridated,58
heart,58
worlds,58
herder,58
capture,58
else,58
kadak,57
distinction,57
claims,57
character,57
restorative,57
ratio,57
focused,57
composition,57
technical,57
consumption,57
looks,57
la,57
accompanied,57
responses,57
career,57
representation,57
japan,56
corridor,56
forty,56
feeling,56
wh,56
intrusion,56
reveal,56
surgical,56
theorist,56
nine,56
existence,56
highway,56
undergoing,56
services,56
let,56
purely,56
interests,56
piece,56
oriented,55
beneficial,55
genealogy,55
entirely,55
drawings,55
garde,55
extensive,55
exciting,55
tendencies,55
normative,55
evaluated,55
experienced,55
giving,55
cage,55
sexual,55
symbols,55
carried,55
female,55
mere,55
appraisal,54
bone,54
1970s,54
french,54
adelaide,54
detailed,54
1113,54
rate,54
distinct,54
relevance,54
lacking,54
judgement,54
1416,54
wellbeing,54
examination,54
musician,54
routine,54
drew,53
zoning,53
ranging,53
arguing,53
initial,53
address,53
perspectives,53
boundaries,53
papers,53
building,53
woolf,53
individual,53
italy,53
suffering,53
purposes,53
subjective,53
whether,53
limited,52
el,52
fitness,52
free,52
pater,52
borges,52
stein,52
filosofica,52
machinic,52
take,52
combined,52
engine,52
assemblages,52
certain,52
england,52
toward,52
critics,52
throughout,52
collected,52
challenge,52
acquine,52
descriptive,52
efficiency,52
repetition,52
crowd,51
right,51
radically,51
typically,51
color,51
someone,51
served,51
lively,51
20th,51
contour,51
baroque,51
bodily,51
providing,51
painter,51
academics,50
urban,50
distance,50
scenes,50
judge,50
designers,50
regeneration,50
evolution,50
quite,50
white,50
highlights,50
genetics,50
origins,50
held,50
grace,50
plan,50
peoples,50
aesthetical,50
showing,50
counter,50
greeks,50
northwest,50
salient,50
italian,50
authority,50
universal,50
resolution,50
second,49
therefore,49
wanted,49
top,49
contribution,49
profession,49
hot,49
advent,49
realism,49
region,49
overview,49
sociological,49
funny,49
involves,49
relates,49
ideology,48
pragmatist,48
beck,48
monroe,48
stravinsky,48
fijian,48
criticismsecond,48
seminal,48
ulrich,48
criticizes,48
games,48
transformed,48
worker,48
builds,48
ofcriticism,48
smythies,48
insights,48
valued,48
shusterman,48
interesting,48
conversations,48
plea,48
transition,48
gives,48
sibelius,48
walking,48
roger,48
yorick,48
investigates,48
arose,48
andsuffering,48
confines,48
reduced,48
cambridge,48
rush,48
t1yc,48
rethinks,48
narrow,48
entails,48
explains,48
ubiquitous,48
rhees,48
semiotic,48
asf,48
dominating,48
compiled,48
uafo,48
analysing,48
faith,48
ago,48
notes,48
reporting,48
makes,48
1938,48
reflexivity,48
expanding,48
delimitation,48
wittgenstein,48
beardsley,48
practitioners,48
los,48
agency,48
reclaiming,48
ones,48
wagner,48
accessibly,48
philosopher,48
scruton,48
whose,47
strewn,47
18th,47
exotic,47
vary,47
substantially,47
points,47
explorations,47
preferred,47
countries,47
blending,47
basic,47
publicly,47
unique,47
easy,47
antique,47
appearancethe,47
breadth,47
somatic,47
market,47
commissioned,47
predict,47
sure,47
rereading,47
featuring,47
ethiopia,47
outdoor,47
quantitatively,47
600,47
centering,47
translation,47
empirically,47
ruin,47
currents,47
bourgeois,47
demands,47
cognitive,47
step,47
unjustifiably,47
beginnings,47
demonstrates,47
remains,47
poetry,47
enciclopedia,47
treatise,47
insight,47
sade,47
latest,47
ethnographically,47
underwent,47
oldest,46
implants,46
scholar,46
completely,46
appendage,46
represents,46
forces,46
levinson,46
himalayas,46
characterize,46
interior,46
elderly,46
welcome,46
devoted,46
contemplating,46
astrophysicist,46
intense,46
galleries,46
vital,46
optimal,46
mad,46
nietzche,46
malaise,46
quantifiable,46
recordings,46
eyes,46
flowers,46
heal,46
motivations,46
severe,46
promote,46
asccesible,46
exhibitions,46
welfare,46
applicable,46
definition,46
sensations,46
everyone,46
nepal,46
reason,46
desjarlais,46
norms,46
center,46
province,46
chart,46
investigate,46
familiarity,46
distress,46
instrument,46
delights,46
representational,46
pedagogy,46
jerrold,46
justification,46
pleasingness,46
meet,46
novel,46
upon,46
residential,46
searching,46
recognised,46
sequel,46
informational,46
forests,46
virtual,46
opened,46
feathers,45
textured,45
controversy,45
headdress,45
glynda,45
overcome,45
break,45
hearing,45
antagonistic,45
marie,45
aunt,45
larson,45
erika,45
pith,45
connoisseur,45
falasca,45
charlie,45
amazonian,45
becoming,45
skirted,45
jenkins,45
assume,45
brother,45
grandparents,45
love,45
boards,45
undoing,45
window,45
suspicion,45
domain,45
authenticity,45
auditive,45
expounding,45
hut,45
spectacle,45
circulating,45
considerable,45
raged,45
companion,45
harris,45
seems,45
setting,45
footing,45
myths,45
elimination,45
grass,45
mike,45
laura,45
heralds,45
creatures,45
speeches,45
thatched,45
knows,45
lichte,45
emancipated,45
departure,45
fischer,45
educators,45
cartoon,45
paint,45
nevertheless,45
thomas,45
zamponi,45
animated,45
reads,45
helmeted,45
couple,45
viewpoints,45
simonetta,45
bulletin,45
involved,45
move,45
activism,45
comrade,45
davis,45
catholic,45
provokes,45
tall,45
sophisticated,45
glory,45
eliminationof,45
spotted,45
toting,45
minds,45
vcrs,45
necessary,45
sister,45
construction,45
mindeye,44
bringing,44
symmetrical,44
1992,44
transparency,44
enquiring,44
bridge,44
dr,44
capacity,44
personalize,44
faces,44
phenomenological,44
boxes,44
disharmony,44
depend,44
praised,44
cool,44
measurable,44
claim,44
producing,44
namely,44
anthropometrics,44
sean,44
conceptualization,44
measuring,44
shells,44
wastelands,44
1735,44
classifier,44
casts,44
observing,44
neonate,44
engaged,44
help,44
sondra,44
linking,44
dancing,44
humanize,44
customize,44
blandscapes,44
paradigms,44
procedural,44
horton,44
examples,44
measurements,44
contrasting,44
optimize,44
puzzling,44
explaining,44
draw,44
2003,44
depth,44
craniofacial,44
layouts,44
find,44
cubitt,44
oral,44
instruments,44
illuminate,44
banal,44
cybertopians,44
fraleigh,44
validating,44
thoracotomy,44
chance,44
disproportion,44
vast,43
active,43
holy,43
ordinary,43
god,43
dancer,43
rank,43
took,43
eagerly,43
stood,43
consumed,43
menu,43
foremost,43
discontents,43
air,43
carlson,43
ii,43
1818,43
humor,43
accomplishments,43
proved,43
1945,43
maintaining,43
conventions,43
1716,43
henry,43
clinical,43
allen,43
parasitic,43
authorial,43
heuristic,43
grouped,43
virginia,43
freed,43
spatial,43
websites,43
revelation,43
cezanne,43
goal,43
influences,43
countering,43
viladesaus,43
bad,43
reflections,43
isart,43
became,43
yesterday,43
appropriate,43
doubt,43
accused,43
generic,43
concealing,43
expansion,43
corcoran,43
seeks,42
studi,42
splendid,42
selfhood,42
forth,42
rielaborata,42
sixteenth,42
seek,42
1969,42
1614,42
1967,42
explain,42
mixture,42
gems,42
liberal,42
schiller,42
gift,42
embodied,42
ich,42
seventeenth,42
civil,42
promises,42
xiii,42
securitisation,42
quickens,42
aristocratic,42
automobiles,42
roving,42
filosofici,42
chicana,42
chicano,42
teacher,42
simultaneous,42
stings,42
apparent,42
soul,42
attribute,42
birds,42
carelessly,42
looking,42
advance,42
xx,42
xv,42
sumptuous,42
gallarate,42
democractic,42
ornament,42
fumerton,42
crocodiles,42
seconda,42
assumes,42
cabinet,42
hart,42
situates,42
appliances,42
florence,42
fairs,42
gazed,42
ages,42
acceptability,42
william,42
pictures,42
mentoring,42
edizione,42
assessed,42
characteristic,42
fishes,42
relocate,42
vols,42
obvious,42
summers,42
meditates,42
bentley,42
interamente,42
sansoni,42
reected,42
centro,42
frederick,42
pleases,42
bring,42
unmaking,42
ambiguity,42
copleston,42
packaging,42
literal,42
thronged,42
scholarly,42
patricia,42
signicant,42
naturally,42
fragmentation,42
limit,42
contribute,42
endeared,42
lore,41
pragmatic,41
relieving,41
cited,41
adjacent,41
encompassing,41
wind,41
responsive,41
laboratory,41
specially,41
germany,41
observation,41
personality,41
suggested,41
country,41
initiative,41
aestheticization,41
katharsis,41
